{
    "parent": "item/handheld",
    "textures": {
        "layer0": "item/rabbit_foot"
    },
    "overrides": [
        {
            "predicate": {
                "custom_model_data": 100
            },
            "model": "item/rabbit_foot/air"
        },
        {
            "predicate": {
                "custom_model_data": 200
            },
            "model": "item/rabbit_foot/fire"
        },
        {
            "predicate": {
                "custom_model_data": 300
            },
            "model": "item/rabbit_foot/gold"
        },
        {
            "predicate": {
                "custom_model_data": 400
            },
            "model": "item/rabbit_foot/healing"
        },
        {
            "predicate": {
                "custom_model_data": 500
            },
            "model": "item/rabbit_foot/jump"
        },
        {
            "predicate": {
                "custom_model_data": 600
            },
            "model": "item/rabbit_foot/laser"
        },
        {
            "predicate": {
                "custom_model_data": 700
            },
            "model": "item/rabbit_foot/mining"
        },
        {
            "predicate": {
                "custom_model_data": 800
            },
            "model": "item/rabbit_foot/momentum"
        },
        {
            "predicate": {
                "custom_model_data": 900
            },
            "model": "item/rabbit_foot/potato"
        },
        {
            "predicate": {
                "custom_model_data": 1000
            },
            "model": "item/rabbit_foot/ram"
        },
        {
            "predicate": {
                "custom_model_data": 1100
            },
            "model": "item/rabbit_foot/swap"
        },
        {
            "predicate": {
                "custom_model_data": 1200
            },
            "model": "item/rabbit_foot/tnt"
        },
        {
            "predicate": {
                "custom_model_data": 1300
            },
            "model": "item/rabbit_foot/wither"
        }
    ]
}